0,9AH824,2024-08-12 20:36:43.064278
1,9AH824,2024-08-13 19:42:09.616662
0,9AH824,2024-08-13 20:28:16.957231
0,9AH824,2024-08-13 20:29:58.388390
0,9AH824,2024-08-12 20:36:43.064278
1,9AH824,2024-08-13 19:42:09.616662
0,9AH824,2024-08-13 20:28:16.957231
0,9AH824,2024-08-12 20:36:43.064278
1,9AH824,2024-08-13 19:42:09.616662
0,9AH824,2024-08-13 20:28:16.957231
0,9AH824,2024-08-13 20:29:58.388390
0,9AH824,2024-08-14 08:21:07.954960
0,9AH824,2024-08-12 20:36:43.064278
1,9AH824,2024-08-13 19:42:09.616662
0,9AH824,2024-08-13 20:28:16.957231
0,9AH824,2024-08-12 20:36:43.064278
1,9AH824,2024-08-13 19:42:09.616662
0,9AH824,2024-08-13 20:28:16.957231
0,9AH824,2024-08-13 20:29:58.388390
0,9AH824,2024-08-12 20:36:43.064278
1,9AH824,2024-08-13 19:42:09.616662
0,9AH824,2024-08-13 20:28:16.957231
0,9AH824,2024-08-12 20:36:43.064278
1,9AH824,2024-08-13 19:42:09.616662
0,9AH824,2024-08-13 20:28:16.957231
0,9AH824,2024-08-13 20:29:58.388390
0,9AH824,2024-08-14 08:21:07.954960
0,9AH824,2024-08-14 18:55:19.595767
1,9AH824,2024-08-13 19:42:09.616662
0,9AH824,2024-08-13 20:28:16.957231
0,9AH824,2024-08-12 20:36:43.064278
1,9AH824,2024-08-13 19:42:09.616662
0,9AH824,2024-08-13 20:28:16.957231
0,9AH824,2024-08-13 20:29:58.388390
0,9AH824,2024-08-12 20:36:43.064278
1,9AH824,2024-08-13 19:42:09.616662
0,9AH824,2024-08-13 20:28:16.957231
0,9AH824,2024-08-12 20:36:43.064278
1,9AH824,2024-08-13 19:42:09.616662
0,9AH824,2024-08-13 20:28:16.957231
0,9AH824,2024-08-13 20:29:58.388390
0,9AH824,2024-08-14 08:21:07.954960
0,9AH824,2024-08-12 20:36:43.064278
1,9AH824,2024-08-13 19:42:09.616662
0,9AH824,2024-08-13 20:28:16.957231
0,9AH824,2024-08-12 20:36:43.064278
1,9AH824,2024-08-13 19:42:09.616662
0,9AH824,2024-08-13 20:28:16.957231
0,9AH824,2024-08-13 20:29:58.388390
0,9AH824,2024-08-12 20:36:43.064278
1,9AH824,2024-08-13 19:42:09.616662
0,9AH824,2024-08-13 20:28:16.957231
0,9AH824,2024-08-12 20:36:43.064278
1,9AH824,2024-08-13 19:42:09.616662
0,9AH824,2024-08-13 20:28:16.957231
0,9AH824,2024-08-13 20:29:58.388390
0,9AH824,2024-08-14 08:21:07.954960
0,9AH824,2024-08-14 18:55:19.595767
0,9AH824,2024-08-15 18:17:45.566850
0,9AH824,2024-08-13 20:28:16.957231
0,9AH824,2024-08-12 20:36:43.064278
1,9AH824,2024-08-13 19:42:09.616662
0,9AH824,2024-08-13 20:28:16.957231
0,9AH824,2024-08-13 20:29:58.388390
0,9AH824,2024-08-12 20:36:43.064278
1,9AH824,2024-08-13 19:42:09.616662
0,9AH824,2024-08-13 20:28:16.957231
0,9AH824,2024-08-12 20:36:43.064278
1,9AH824,2024-08-13 19:42:09.616662
0,9AH824,2024-08-13 20:28:16.957231
0,9AH824,2024-08-13 20:29:58.388390
0,9AH824,2024-08-14 08:21:07.954960
0,9AH824,2024-08-12 20:36:43.064278
1,9AH824,2024-08-13 19:42:09.616662
0,9AH824,2024-08-13 20:28:16.957231
0,9AH824,2024-08-12 20:36:43.064278
1,9AH824,2024-08-13 19:42:09.616662
0,9AH824,2024-08-13 20:28:16.957231
0,9AH824,2024-08-13 20:29:58.388390
0,9AH824,2024-08-12 20:36:43.064278
1,9AH824,2024-08-13 19:42:09.616662
0,9AH824,2024-08-13 20:28:16.957231
0,9AH824,2024-08-12 20:36:43.064278
1,9AH824,2024-08-13 19:42:09.616662
0,9AH824,2024-08-13 20:28:16.957231
0,9AH824,2024-08-13 20:29:58.388390
0,9AH824,2024-08-14 08:21:07.954960
0,9AH824,2024-08-14 18:55:19.595767
1,9AH824,2024-08-13 19:42:09.616662
0,9AH824,2024-08-13 20:28:16.957231
0,9AH824,2024-08-12 20:36:43.064278
1,9AH824,2024-08-13 19:42:09.616662
0,9AH824,2024-08-13 20:28:16.957231
0,9AH824,2024-08-13 20:29:58.388390
0,9AH824,2024-08-12 20:36:43.064278
1,9AH824,2024-08-13 19:42:09.616662
0,9AH824,2024-08-13 20:28:16.957231
0,9AH824,2024-08-12 20:36:43.064278
1,9AH824,2024-08-13 19:42:09.616662
0,9AH824,2024-08-13 20:28:16.957231
0,9AH824,2024-08-13 20:29:58.388390
0,9AH824,2024-08-14 08:21:07.954960
0,9AH824,2024-08-12 20:36:43.064278
1,9AH824,2024-08-13 19:42:09.616662
0,9AH824,2024-08-13 20:28:16.957231
0,9AH824,2024-08-12 20:36:43.064278
1,9AH824,2024-08-13 19:42:09.616662
0,9AH824,2024-08-13 20:28:16.957231
0,9AH824,2024-08-13 20:29:58.388390
0,9AH824,2024-08-12 20:36:43.064278
1,9AH824,2024-08-13 19:42:09.616662
0,9AH824,2024-08-13 20:28:16.957231
0,9AH824,2024-08-12 20:36:43.064278
1,9AH824,2024-08-13 19:42:09.616662
0,9AH824,2024-08-13 20:28:16.957231
0,9AH824,2024-08-13 20:29:58.388390
0,9AH824,2024-08-14 08:21:07.954960
0,9AH824,2024-08-14 18:55:19.595767
0,9AH824,2024-08-15 18:17:45.566850
0,9AH824,2024-08-16 18:29:13.534118
